key,text,tag
Hediff_InsectEgg_small,Small egg,Hediff_InsectEgg_small
Hediff_InsectEgg_medium,Medium egg,Hediff_InsectEgg_medium
Hediff_InsectEgg_big,Big egg,Hediff_InsectEgg_big
Hediff_InsectEgg_huge,Huge egg,Hediff_InsectEgg_huge
Hediff_InsectEgg_fertilized,Fertilized,Hediff_InsectEgg_fertilized
Hediff_InsectEgg_unfertilized,Unfertilized,Hediff_InsectEgg_unfertilized
PawnCantRapeCP,The target isn&apos;t healthy enough or is in a forbidden location.,PawnCantRapeCP
PawnCantRapeCP0,"The pawn doesn&apos;t need sex, is not healthy, or cannot rape.",PawnCantRapeCP0
PawnCantRapeCP1,The pawn is not single or their partner is nearby.,PawnCantRapeCP1
PawnCantRapeCP2,The pawn is not a zoophile so they can&apos;t rape animals.,PawnCantRapeCP2
CommandSubmit,Submit,CommandSubmit
CommandSubmitDesc,Lay down and accept whatever is to cum.,CommandSubmitDesc
RJW_PregnantTitle,{0} is pregnant.,RJW_PregnantTitle
RJW_PregnantText,"{0} is pregnant and is going to be a mother soon. Be aware, starvation and trauma may result in loss of child.",RJW_PregnantText
RJW_Contractions,{0} is having contractions! Baby(ies) is(are) on the way!,RJW_Contractions
RJW_GaveBirthTitle,Birthing done.,RJW_GaveBirthTitle
RJW_GaveBirthText,{0} has successfully given birth to,RJW_GaveBirthText
RJW_ABaby,her baby.,RJW_ABaby
RJW_NBabies,her {0} babies.,RJW_NBabies
RJW_PregnantNormal,Have a healthy baby...,RJW_PregnantNormal
RJW_PregnantStrange,Something is unusual about the baby...,RJW_PregnantStrange
RJW_PregnantMechStrange,Something is very strange about the baby...,RJW_PregnantMechStrange
RJW_GaveBirthEggTitle,Birthed egg.,RJW_GaveBirthEggTitle
RJW_GaveBirthEggText,{0} laid eggs,RJW_GaveBirthEggText
RJW_EggContractions,{0} is having contractions! Eggs are on the way!,RJW_EggContractions
RJW_AlertRape,{RAPIST} is trying to rape {TARGET}.,RJW_AlertRape
RJW_AlertAssault,{RAPIST} is trying to assault {TARGET}.,RJW_AlertAssault
RJW_AlertBreed,{RAPIST} is trying to breed {TARGET}.,RJW_AlertBreed
RJW_AlertRapeRelated,"{RAPIST} is trying to rape {TARGET}, {RAPIST_possessive} {RELATION}.",RJW_AlertRapeRelated
RJW_AlertAssaultRelated,"{RAPIST} is trying to assault {TARGET}, {RAPIST_possessive} {RELATION}.",RJW_AlertAssaultRelated
RJW_AlertBreedRelated,"{RAPIST} is trying to breed {TARGET}, {RAPIST_possessive} {RELATION}.",RJW_AlertBreedRelated
RJW_AlertBeeingRaped,{TARGET} is getting raped.,RJW_AlertBeeingRaped
GoToModSettings,This space is reserved for optional RJW features that are either turned off or unavailable for the selected pawn/animal.\nCheck the fucking mod options and stop asking if THIS is normal.,GoToModSettings
ForComfort,Use for comfort,ForComfort
ForComfortDesc,Mark for comforting sex,ForComfortDesc
ForComfortRefuseDesc,Won&apos;t agree to be used for comfort\nReq: masochist trait,ForComfortRefuseDesc
ForService,Assign to whorin&apos;,ForService
ForServiceDesc,"Mark for whoring
- Will try to hook up with visitors.
- Entertains other colonists if not busy.
- Tries to refrain from masturbation while on the job, may cause frustration.",ForServiceDesc
ForServiceRefuseDesc,Won&apos;t agree to be a whore,ForServiceRefuseDesc
ForBreeding,For animals,ForBreeding
ForBreedingDesc,Mark for animal breeding,ForBreedingDesc
ForBreedingRefuseDesc,Won&apos;t agree to be mounted by animals\nReq: zoophile trait,ForBreedingRefuseDesc
ForBreedingAnimalDesc,Allow this animal to mount designated breeders,ForBreedingAnimalDesc
BreedMessage,is trying to breed,BreedMessage
ForMilking,Designate dairy,ForMilking
ForMilkingDesc,Harvest biological materials from this being,ForMilkingDesc
ForHero,Designate Hero,ForHero
ForHeroDesc,"Set pawn as player character
-Can only be set once.
-Can&apos;t be turned off.",ForHeroDesc
ForHeroRefuse1Desc,This is hero of other player,ForHeroRefuse1Desc
ForHeroRefuse2Desc,You have no right to change designation,ForHeroRefuse2Desc
ForHeroRefuseHCDesc,Non hero colonist in HC mode,ForHeroRefuseHCDesc
RJW_PartInfo_braCup,Bra cup: {0},RJW_PartInfo_braCup
RJW_PartInfo_braSizeNone,Bra size: -,RJW_PartInfo_braSizeNone
RJW_PartInfo_eggs,Eggs: {0},RJW_PartInfo_eggs
RJW_PartInfo_braSize,Bra size: {0}:{1},RJW_PartInfo_braSize
RJW_PartInfo_overbust,Overbust: {0},RJW_PartInfo_overbust
RJW_PartInfo_underbust,Underbust: {0},RJW_PartInfo_underbust
RJW_PartInfo_weight,Weight: {0},RJW_PartInfo_weight
RJW_PartInfo_properties,Properties: {0},RJW_PartInfo_properties
RJW_PartInfo_severity,Severity: {0},RJW_PartInfo_severity
RJW_PartInfo_fluidMultiplier,Fluid Multiplier: {0},RJW_PartInfo_fluidMultiplier
RJW_PartInfo_girth,Girth: {0},RJW_PartInfo_girth
RJW_PartInfo_length,Length: {0},RJW_PartInfo_length
RJW_PartInfo_depth,Depth: {0},RJW_PartInfo_depth
RJW_PartInfo_maxGirth,Max Girth: {0},RJW_PartInfo_maxGirth
RJW_PartInfo_maxLength,Max Length: {0},RJW_PartInfo_maxLength
RJW_PartInfo_fluidTypeFluidAmountHeading,Fluid: {0} ({1}ml),RJW_PartInfo_fluidTypeFluidAmountHeading
RJW_PartInfo_unknownSpecies,Unknown species,RJW_PartInfo_unknownSpecies
RJW_PartInfo_unknownOwner,Unknown,RJW_PartInfo_unknownOwner
RJW_StatEntry_PreviousOwner,previous owner,RJW_StatEntry_PreviousOwner
RJW_StatEntry_OriginalOwnerRace,original race,RJW_StatEntry_OriginalOwnerRace
RJW_StatEntry_OriginalOwnerSize,original size,RJW_StatEntry_OriginalOwnerSize
RJW_StatEntry_PartSize,size,RJW_StatEntry_PartSize
RJW_StatEntry_PartCupSize,cup size,RJW_StatEntry_PartCupSize
RJW_StatEntry_PartLength,length,RJW_StatEntry_PartLength
RJW_StatEntry_PartGirth,girth,RJW_StatEntry_PartGirth
RJW_StatEntry_PartMaxGirth,max girth,RJW_StatEntry_PartMaxGirth
RJW_StatEntry_PartDepth,depth,RJW_StatEntry_PartDepth
RJW_StatEntry_PartWeight,weight,RJW_StatEntry_PartWeight
RJW_StatEntry_PartTags,properties,RJW_StatEntry_PartTags
RJW_StatEntry_Fluid,fluid,RJW_StatEntry_Fluid
RJW_StatEntry_FluidAmount,fluid amount,RJW_StatEntry_FluidAmount
RJW_StatEntry_FluidAmount_ejaculation,ejaculation amount,RJW_StatEntry_FluidAmount_ejaculation
RJW_StatEntry_FluidAmount_wetness,wetness,RJW_StatEntry_FluidAmount_wetness
VanillaFertilityImpactor,Fertility stat: {VALUE}%,VanillaFertilityImpactor
RJW_nymph_incident_raid_title,Nymphs!!!,RJW_nymph_incident_raid_title
RJW_nymph_incident_raid_description,A group of nymphs has wandered into your settlement.,RJW_nymph_incident_raid_description
RJW_nymph_incident_wander_title,Nymph!,RJW_nymph_incident_wander_title
RJW_nymph_incident_wander_description,A wandering nymph has decided to visit your settlement.,RJW_nymph_incident_wander_description
RJW_nymph_incident_join_title,Nymph Joins,RJW_nymph_incident_join_title
RJW_nymph_incident_join_description,A wandering nymph has decided to join your settlement.,RJW_nymph_incident_join_description
PawnLacksFunctionalGenitals,{PAWN} has no working genitals.,PawnLacksFunctionalGenitals
PawnLacksVagina,{PAWN} does not have a vagina.,PawnLacksVagina
PawnLacksFunctionalPenis,{PAWN} does not have a functional penis.,PawnLacksFunctionalPenis
VaginalWeight,vaginal sex chance,VaginalWeight
LetterLabelGainedTraitFromSex,Trait gained : {PAWN},LetterLabelGainedTraitFromSex
GainedTraitFromSex,A sexual experience has caused {PAWN} to gain the {TRAIT} trait.,GainedTraitFromSex
GainedTraitFromSexNymphomaniac,Aphrodisiac-assisted overstimulation has permanently rewired {PAWN}&apos;s brain. {PAWN_pronoun} has gained the {TRAIT} trait.,GainedTraitFromSexNymphomaniac
GainedTraitFromSexFootSlut,The feat of feasting on the feel of feet is feeding a fiendish new fetish in {PAWN}. {PAWN} is now a {TRAIT},GainedTraitFromSexFootSlut
LetterLabelGainedMultipleTraitsFromSex,Traits gained: {PAWN},LetterLabelGainedMultipleTraitsFromSex
GainedMultipleTraitsFromSex,A powerful sexual experience has caused {PAWN} to gain the following traits:,GainedMultipleTraitsFromSex
PawnColumnWorker_RJWGender_IsHerm,Herm,PawnColumnWorker_RJWGender_IsHerm
PawnColumnWorker_IsSlave,Is pawn Slave?,PawnColumnWorker_IsSlave
PawnColumnWorker_IsPrisoner,Is pawn Prisoner?,PawnColumnWorker_IsPrisoner
PawnColumnWorker_IsComfort,Is pawn Comfort Pawn?,PawnColumnWorker_IsComfort
PawnColumnWorker_IsBreeder,Is pawn Breeder?,PawnColumnWorker_IsBreeder
MainTabWindow_Designators,Designators,MainTabWindow_Designators
RJW_RMB,Interact,RJW_RMB
RJW_RMB_NoSex,refuses to have sex with,RJW_RMB_NoSex
RJW_RMB_Social,Socialize with {0_labelShort},RJW_RMB_Social
RJW_RMB_Masturbate,Masturbate,RJW_RMB_Masturbate
RJW_RMB_Sex,Have sex with {0_labelShort},RJW_RMB_Sex
RJW_RMB_Bestiality,Bestiality {0_labelShort},RJW_RMB_Bestiality
RJW_RMB_Sex_Reverse,(Reverse)Sex {0_labelShort},RJW_RMB_Sex_Reverse
RJW_RMB_Bestiality_Reverse,(Reverse)Bestiality {0_labelShort},RJW_RMB_Bestiality_Reverse
RJW_RMB_Insult,Insult,RJW_RMB_Insult
RJW_RMB_SocialFight,Start a fight,RJW_RMB_SocialFight
RJW_RMB_Chat,Chat,RJW_RMB_Chat
RJW_RMB_DeepTalk,Deep talk,RJW_RMB_DeepTalk
RJW_RMB_RomanceAttempt,Attempt romance,RJW_RMB_RomanceAttempt
RJW_RMB_MarriageProposal,Make marriage proposal,RJW_RMB_MarriageProposal
RJW_RMB_Masturbate_Bed,Masturbate on chair or bed,RJW_RMB_Masturbate_Bed
RJW_RMB_Masturbate_At,Masturbate at,RJW_RMB_Masturbate_At
RJW_RMB_Masturbate_Here,Masturbate here,RJW_RMB_Masturbate_Here
RJW_RMB_Masturbate_With,Masturbate with,RJW_RMB_Masturbate_With
RJW_RMB_Rape,Rape {0_labelShort},RJW_RMB_Rape
RJW_RMB_Rape_Reverse,(Reverse)Rape {0_labelShort},RJW_RMB_Rape_Reverse
RJW_RMB_RapeCorpse,Violate corpse of {0_labelShort},RJW_RMB_RapeCorpse
RJW_RMB_RapeCorpse_Reverse,(Reverse)Violate corpse of {0_labelShort},RJW_RMB_RapeCorpse_Reverse
RJW_RMB_RapeAnimal,Breed {0_labelShort},RJW_RMB_RapeAnimal
RJW_RMB_RapeAnimal_Reverse,(Reverse)Be Bred by {0_labelShort},RJW_RMB_RapeAnimal_Reverse
RJW_RMB_HackMechPregnancy,Hack implanted mech,RJW_RMB_HackMechPregnancy
RJW_RMB_ReasonLowOpinionOfTarget,Low opinion of target,RJW_RMB_ReasonLowOpinionOfTarget
RJW_RMB_ReasonUnappealingTarget,Not sexually attracted to target,RJW_RMB_ReasonUnappealingTarget
RJW_RMB_ReasonLowOpinionOfPawn,Low opinion of me,RJW_RMB_ReasonLowOpinionOfPawn
RJW_RMB_ReasonUnappealingPawn,Not sexually attracted to me,RJW_RMB_ReasonUnappealingPawn
RJW_RMB_ReasonNeedBed,Need assigned bed,RJW_RMB_ReasonNeedBed
RJW_RMB_ReasonCantReachBed,Can&apos;t reach assigned bed,RJW_RMB_ReasonCantReachBed
RJWSettingsOne,RimJobWorld - Basic Settings,RJWSettingsOne
NymphTamed,Nymphomaniac Join,NymphTamed
NymphTamed_desc,Spawns pawn with (&apos;Hypersexual&apos; trait) to join the colony.,NymphTamed_desc
NymphWild,Nymphomaniac Wild,NymphWild
NymphWild_desc,Spawns wild pawn with (&apos;Hypersexual&apos; trait) to attack the colony.,NymphWild_desc
NymphRaidEasy,Nymphomaniacs raid(easy),NymphRaidEasy
NymphRaidEasy_desc,Nymphomaniacs decided to visit your colony.\nbaseChance is 0.1.,NymphRaidEasy_desc
NymphRaidHard,Nymphomaniacs raid(hard),NymphRaidHard
NymphRaidHard_desc,Nymphomaniacs decided it is now their colony.\n(Game Over).\nbaseChance is 0.01.,NymphRaidHard_desc
NymphRaidRP,Limp nymph raids,NymphRaidRP
NymphRaidRP_desc,Switches nymph raids to use raid points for those who are too weak for intended nymph raids difficulty.,NymphRaidRP_desc
NymphPermanentManhunter,Permanent manhunter nymphs,NymphPermanentManhunter
NymphPermanentManhunter_desc,Permanent manhunter mentalstate.,NymphPermanentManhunter_desc
NymphSappers,Nymph Sappers,NymphSappers
NymphSappers_desc,Knock-knock! Horny can smell you behind that door! You can run but you cant hide.,NymphSappers_desc
NymphFrustratedRape,Nypmhs rape when frustrated.,NymphFrustratedRape
NymphFrustratedRape_desc,"When Nympths are frustrated, and no partners are available, they will randomly rape someone/something",NymphFrustratedRape_desc
FemaleFuta,Enable futas,FemaleFuta
FemaleFuta_desc,Spawn females as futas(+ penis),FemaleFuta_desc
MaleTrap,Enable traps,MaleTrap
MaleTrap_desc,Spawn males as traps(+ breasts),MaleTrap_desc
male_nymph_chance,Male nymph spawn chance,male_nymph_chance
male_nymph_chance_desc,Male nymph spawn chance \n\nValid range: 0 - 100\nDefault: 0,male_nymph_chance_desc
futa_nymph_chance,Futa/Trap nymph spawn chance,futa_nymph_chance
futa_nymph_chance_desc,Futa/Trap nymph spawn chance \n\nValid range: 0 - 100\nDefault: 0,futa_nymph_chance_desc
futa_natives_chance,Futa/Trap natives spawn chance,futa_natives_chance
futa_natives_chance_desc,Futa/Trap natives spawn chance \n(industrial techlevel and below) \n\nValid range: 0 - 100\nDefault: 0,futa_natives_chance_desc
futa_spacers_chance,Futa/Trap spacers spawn chance,futa_spacers_chance
futa_spacers_chance_desc,Futa/Trap spacers spawn chance \n\nValid range: 0 - 100\nDefault: 5,futa_spacers_chance_desc
sexneed_decay_rate_name,Sex need decay rate (%),sexneed_decay_rate_name
sexneed_decay_rate_desc,0% for no decay.\n1000000% for Rapeturnus Planet. Recommended range: 50% to 200%.,sexneed_decay_rate_desc
sexneed_fix_name,Sex need fix,sexneed_fix_name
sexneed_fix_desc,"Fixes incorrect sex need thresholds, likely significantly reduces triggers for sex and rape.",sexneed_fix_desc
Animal_mating_cooldown,Animal mating cooldown,Animal_mating_cooldown
Animal_mating_cooldown_desc,How many hours animal waits before mating/breeding.\n0 - based on sexdrive,Animal_mating_cooldown_desc
AllowYouthSex,Allow youth sex,AllowYouthSex
AllowYouthSex_desc,Allow sex between humanlikes that are in reproductive lifestage but their growth havent reached 100%.,AllowYouthSex_desc
sex_age_legacymode,Legacy Sex age limiters,sex_age_legacymode
sex_age_legacymode_desc,"Legacy age limiters for Humanlike Pawns, pretty much broken for races with non human life expectancy, but ppl want this back so whatever.\n When disabled uses race reproductive lifestage as teen, and pawn growth (100%) as adult.",sex_age_legacymode_desc
SexMinimumAge,Sex min. age,SexMinimumAge
SexMinimumAge_desc,Humanlike Pawns younger than this will not have sex at all.,SexMinimumAge_desc
SexFreeForAllAge,Age of consent,SexFreeForAllAge
SexFreeForAllAge_desc,Humanlike Pawns younger than this will only have sex with pawns with 2 years age difference.,SexFreeForAllAge_desc
bestiality_enabled,Enable bestiality,bestiality_enabled
bestiality_enabled_desc,Enable acts of bestiality. Desired and not so much.,bestiality_enabled_desc
animal_on_animal_enabled,Enable animal-on-animal,animal_on_animal_enabled
animal_on_animal_enabled_desc,"Enable wild animals mating. Tamed animals will mate within their own species regardless of this setting(vanilla behavior).\nEnable interspecies sex between (designated) animals, which may result in pregnancy.",animal_on_animal_enabled_desc
animal_on_human_enabled,Enable animal-on-human,animal_on_human_enabled
animal_on_human_enabled_desc,Enable acts of bestiality initiated by colony animals trying to mate Humanlike Pawns.,animal_on_human_enabled_desc
necrophilia_enabled,Enable necrophilia,necrophilia_enabled
necrophilia_enabled_desc,"Enable sex with corpses. Usually limited to pawns with Necrophiliac trait, but others can sometimes do it if they are sexually frustrated.",necrophilia_enabled_desc
sounds_enabled,Enable RJW sounds,sounds_enabled
sounds_enabled_desc,"Enables RJW-specific sounds. Note that this has no effect on core settings: if you have sound completely disabled, this does nothing.",sounds_enabled_desc
sounds_sex_volume,Sex volume,sounds_sex_volume
sounds_sex_volume_desc,Change sex volume,sounds_sex_volume_desc
sounds_cum_volume,Cum volume,sounds_cum_volume
sounds_cum_volume_desc,Change cum volume,sounds_cum_volume_desc
sounds_voice_volume,Voice volume,sounds_voice_volume
sounds_voice_volume_desc,Change voice volume,sounds_voice_volume_desc
sounds_orgasm_volume,Orgasm volume,sounds_orgasm_volume
sounds_orgasm_volume_desc,Change orgasm volume,sounds_orgasm_volume_desc
sounds_animal_on_animal_volume,Animal on animal volume modifier,sounds_animal_on_animal_volume
sounds_animal_on_animal_volume_desc,Additional volume modifier for Animal on animal sex,sounds_animal_on_animal_volume_desc
cum_filth,Enable cum filth,cum_filth
cum_filth_desc,"Enables cum filth after sex. Note that disabling this will make the game easier, because of the lack of filth and need for cleaning.",cum_filth_desc
RPG_hero_control_name,Hero mode,RPG_hero_control_name
RPG_hero_control_desc,Player can set 1 pawn as a player character and have direct unconditional control,RPG_hero_control_desc
RPG_hero_control_HC_name,Hero mode (HC),RPG_hero_control_HC_name
RPG_hero_control_HC_desc,"HARDCORE: Player can only control hero, get some lube, you&apos;ll need a lot of it.\n(intended for multiplayer)",RPG_hero_control_HC_desc
RPG_hero_control_Ironman_name,Hero mode (Ironman),RPG_hero_control_Ironman_name
RPG_hero_control_Ironman_desc,HARDCORE: Player can set hero only once,RPG_hero_control_Ironman_desc
UseAdvancedAgeScaling,Advanced age scaling,UseAdvancedAgeScaling
UseAdvancedAgeScaling_desc,Use different age scaling for non human races (long or short lifespans),UseAdvancedAgeScaling_desc
designated_freewill,Designated pawn freewill,designated_freewill
designated_freewill_desc,Pawn designated for comfort or mating can initiate sex.,designated_freewill_desc
rape_enabled,Enable rape,rape_enabled
rape_enabled_desc,"See what you like? Take it by force, you can make a hat out of it later.",rape_enabled_desc
PrisonersBeating,Spank me daddy!,PrisonersBeating
PrisonersBeating_desc,Beat the hell out of victims while raping them.,PrisonersBeating_desc
GentlePrisonersBeating,"Senpai! Please, be gentle!",GentlePrisonersBeating
GentlePrisonersBeating_desc,Reduce beating damage to ~0-1.,GentlePrisonersBeating_desc
rape_stripping,Strip victims,rape_stripping
rape_stripping_desc,"Strip rape victims (Non comfort rape - bestiality, enemies, etc. will strip victims)",rape_stripping_desc
ColonistCanCP,Enable comfort rape by colonists,ColonistCanCP
ColonistCanCP_desc,Colonists are allowed to rape comfort pawns.,ColonistCanCP_desc
VisitorsCanCP,Enable comfort rape by visitors,VisitorsCanCP
VisitorsCanCP_desc,Visitors are allowed to rape comfort pawns.,VisitorsCanCP_desc
AnimalsCanCP,Enable comfort rape by animals,AnimalsCanCP
AnimalsCanCP_desc,Animals are allowed to rape comfort pawns. Requires zoophilia to be enabled.,AnimalsCanCP_desc
NonFutaWomenRaping_MaxVulnerability,Girls go rapin&apos; (%),NonFutaWomenRaping_MaxVulnerability
NonFutaWomenRaping_MaxVulnerability_desc,"Only women with vulnerability lower than this will ever rape others. \nAnimals vulnerability is always 100%. \nTo check &apos;vulnerability&apos; status, go to &apos;view information about this object&apos; &gt; stats.\n\nValid range: 0 - 300%",NonFutaWomenRaping_MaxVulnerability_desc
Rapee_MinVulnerability_human,&apos;To-be raped&apos; vulnerability (%),Rapee_MinVulnerability_human
Rapee_MinVulnerability_human_desc,"Human pawns with vulnerability higher than this will be raping targets. \nTo check &apos;vulnerability&apos; status, go to &apos;view information about this object&apos; &gt; stats.\n\nValid range: 0 - 300%",Rapee_MinVulnerability_human_desc
Rapee_MinVulnerability_animals,Animals&apos; to-be-raped vulnerability (%),Rapee_MinVulnerability_animals
Rapee_MinVulnerability_animals_desc,"Animals with vulnerability higher than this will be raping targets for zoophiles. \nTo check &apos;vulnerability&apos; status, go to &apos;view information about this object&apos; &gt; stats.\n\nValid range: 0 - 300%",Rapee_MinVulnerability_animals_desc
RJWSettingsFour,RimJobWorld - Casual Sex Settings,RJWSettingsFour
SettingHookupsEnabled,Enable hookups (overall),SettingHookupsEnabled
SettingHookupsEnabled_desc,Controls whether single pawns can have casual sex with other single pawns,SettingHookupsEnabled_desc
SettingQuickHookupsEnabled,Enable quickies.,SettingQuickHookupsEnabled
SettingQuickHookupsEnabled_desc,Controls whether single pawns can have casual quick sex with other single pawns\nWarning: This can interrupt working pawns.,SettingQuickHookupsEnabled_desc
SettingNoHookupsDuringWorkHours,Disable hookups during work hours,SettingNoHookupsDuringWorkHours
SettingNoHookupsDuringWorkHours_desc,Controls whether pawns can seek casual sex during work hours.\nNymphomaniacs ignore this.,SettingNoHookupsDuringWorkHours_desc
SettingColonistsCanHookup,Colonists can hookup,SettingColonistsCanHookup
SettingColonistsCanHookup_desc,Controls whether colonists are allowed to look for casual sex.,SettingColonistsCanHookup_desc
SettingColonistsCanHookupWithVisitor,Colonists can hookup with visitors,SettingColonistsCanHookupWithVisitor
SettingColonistsCanHookupWithVisitor_desc,Controls whether pawns can have casual sex with visitors to the colony.,SettingColonistsCanHookupWithVisitor_desc
SettingCanHookupWithPrisoner,Non-prisoners can hookup with prisoners,SettingCanHookupWithPrisoner
SettingCanHookupWithPrisoner_desc,Controls whether non-prisoner pawns can look for consensual sex with prisoners.\nThis is unaffected by the Comfort Prisoner designation and is considered consensual by both parties.,SettingCanHookupWithPrisoner_desc
SettingVisitorsCanHookupWithColonists,Visitors can hookup with colonists,SettingVisitorsCanHookupWithColonists
SettingVisitorsCanHookupWithColonists_desc,Controls whether visiting pawns include colonists as potential partners for casual sex.,SettingVisitorsCanHookupWithColonists_desc
SettingVisitorsCanHookupWithVisitors,Visitors can hookup with other visitors,SettingVisitorsCanHookupWithVisitors
SettingVisitorsCanHookupWithVisitors_desc,Controls whether visiting pawns include other visitors as potential partners for casual sex.,SettingVisitorsCanHookupWithVisitors_desc
SettingPrisonersCanHookupWithNonPrisoner,Prisoners can hookup with colonists,SettingPrisonersCanHookupWithNonPrisoner
SettingPrisonersCanHookupWithNonPrisoner_desc,"Controls whether prisoners include non-prisoners as potential partners for casual sex.\nPawns, including prisoners, can only have sex with someone they can reach, so if the prisoner can&apos;t leave their cell this is moot.",SettingPrisonersCanHookupWithNonPrisoner_desc
SettingPrisonersCanHookupWithPrisoner,Prisoners can hookup with prisoners,SettingPrisonersCanHookupWithPrisoner
SettingPrisonersCanHookupWithPrisoner_desc,"Controls whether prisoners include other prisoners as potential partners for casual sex.\nPawns, including prisoners, can only have sex with someone they can reach, so if the prisoner can&apos;t leave their cell this is moot.",SettingPrisonersCanHookupWithPrisoner_desc
SettingNymphosCanPickAnyone,Nymphos can pick anyone,SettingNymphosCanPickAnyone
SettingNymphosCanPickAnyone_desc,Controls whether nymphomaniac (&apos;Hypersexual&apos; trait) pawns will pick anyone available.\nThey still obey the cheating and homewrecking settings below.,SettingNymphosCanPickAnyone_desc
SettingNymphosCanCheat,Nymphos can cheat,SettingNymphosCanCheat
SettingNymphosCanCheat_desc,Controls whether nymphomaniac (&apos;Hypersexual&apos; trait) pawns can cheat if they&apos;re sexually frustrated.,SettingNymphosCanCheat_desc
SettingNymphosCanHomewreck,Nymphos can homewreck,SettingNymphosCanHomewreck
SettingNymphosCanHomewreck_desc,Controls whether nymphomaniac (&apos;Hypersexual&apos; trait) pawns will bang people who already have partners.,SettingNymphosCanHomewreck_desc
SettingNymphosCanHomewreckReverse,Nymphos can homewreck(Reverse),SettingNymphosCanHomewreckReverse
SettingNymphosCanHomewreckReverse_desc,Controls whether nymphomaniac (&apos;Hypersexual&apos; trait) pawns will accept sex even if they have partner.,SettingNymphosCanHomewreckReverse_desc
SettingHookupChanceForNonNymphos,Hookup % chance per hour,SettingHookupChanceForNonNymphos
SettingHookupChanceForNonNymphos_desc,The chance that a horny pawn will look for casual sex.\nOnly checked once per hour and only when the pawn finishes their current task. Default is 30%,SettingHookupChanceForNonNymphos_desc
SettingMinimumFuckabilityToHookup,Hookup minimum fuckability,SettingMinimumFuckabilityToHookup
SettingMinimumFuckabilityToHookup_desc,Controls how attractive(RJW) both pawns must be other to consider a hookup.\n Default is 10%.,SettingMinimumFuckabilityToHookup_desc
SettingMinimumAttractivenessToHookup,Hookup minimum attractiveness,SettingMinimumAttractivenessToHookup
SettingMinimumAttractivenessToHookup_desc,Controls how attractive(Rimworld) pawns to each other to consider a hookup.\n Default is 50%.\n Nymphomaniac &gt; 0.,SettingMinimumAttractivenessToHookup_desc
SettingMinimumRelationshipToHookup,Hookup minimum opinion,SettingMinimumRelationshipToHookup
SettingMinimumRelationshipToHookup_desc,Controls minimum pawns opinion for each other to consider a hookup.\n Default is 20.\n Nymphomaniac &gt; 0.,SettingMinimumRelationshipToHookup_desc
RJWDebugSettings,RimJobWorld - Debug,RJWDebugSettings
submit_button_enabled,Enable &quot;submit&quot; button on drafted pawns,submit_button_enabled
submit_button_enabled_desc,"Submit button allows you to skip more deadly part and get right to more humiliating one. \nDisable this if honor comes before life for you. \nRemember, if you change your mind, it will always be here, waiting for you.",submit_button_enabled_desc
RJW_designation_box,Show RJW designations,RJW_designation_box
RJW_designation_box_desc,Toggles showing RJW group of buttons in the pawn control GUI.,RJW_designation_box_desc
StackRjwParts_name,Rjw parts stacking,StackRjwParts_name
StackRjwParts_desc,Stack rjw parts in pawn health tab \n(Label x count),StackRjwParts_desc
maxDistanceCellsCasual_name,Sex distance(Cells),maxDistanceCellsCasual_name
maxDistanceCellsCasual_desc,"Max distance in Cells AI willing to go to reach destination/target.\n\nFast distance check - ignores obstacles (e.g. walls, mountains).\nDefault 100 cells.",maxDistanceCellsCasual_desc
maxDistanceCellsRape_name,Rape distance(Cells),maxDistanceCellsRape_name
maxDistanceCellsRape_desc,"Max distance in Cells AI willing to go to reach destination/target.\n\nFast distance check - ignores obstacles (e.g. walls, mountains).\nDefault 100 cells.",maxDistanceCellsRape_desc
maxDistancePathCost_name,Sex distance(PawnPath),maxDistancePathCost_name
maxDistancePathCost_desc,"Max distance AI pather considers in order to reach sex destination/target. Slow complex calculation affected by obstacles, pawn speed and ground modifiers.\nDefault 1000.\n0 - disable check.",maxDistancePathCost_desc
override_RJW_designation_checks_name,Override designation checks,override_RJW_designation_checks_name
override_RJW_designation_checks_desc,Allows to set designations on all colonists ignoring conditions.\n YOU CHEATER,override_RJW_designation_checks_desc
override_control,Direct control,override_control
override_control_desc,Player can manually tell pawns to do sex related activities.\n YOU CHEATER,override_control_desc
AddTrait_Rapist,Gain Rapist trait,AddTrait_Rapist
AddTrait_Rapist_desc,"Chance to gain rapist trait after 10 sex acts, &gt;12% of which are rapes\n YOU CHEATER",AddTrait_Rapist_desc
AddTrait_Masocist,Gain Masochist trait,AddTrait_Masocist
AddTrait_Masocist_desc,"Chance to gain masochist trait after being raped, 5% after feeling broken stage\n YOU CHEATER",AddTrait_Masocist_desc
AddTrait_Nymphomaniac,Gain Hypersexual trait,AddTrait_Nymphomaniac
AddTrait_Nymphomaniac_desc,"Chance to gain hypersexual trait after 10 sex acts, while under HumpShroom addiction\n YOU CHEATER",AddTrait_Nymphomaniac_desc
AddTrait_Necrophiliac,Gain Necrophiliac trait,AddTrait_Necrophiliac
AddTrait_Necrophiliac_desc,"Chance to gain necrophiliac trait after 10 sex acts, &gt;50% of which with corpses\n YOU CHEATER",AddTrait_Necrophiliac_desc
AddTrait_Nerves,Gain Nerves trait,AddTrait_Nerves
AddTrait_Nerves_desc,Gain nerves trait after being raped\n YOU CHEATER,AddTrait_Nerves_desc
AddTrait_Zoophiliac,Gain Zoophiliac trait,AddTrait_Zoophiliac
AddTrait_Zoophiliac_desc,"Chance to gain zoophiliac trait after 10 sex acts, &gt;50% of which with animals\n YOU CHEATER",AddTrait_Zoophiliac_desc
AddTrait_FootSlut,Gain FootSlut trait,AddTrait_FootSlut
AddTrait_FootSlut_desc,"Chance to gain footslut trait after 10 sex acts, when getting Footjob\n YOU CHEATER",AddTrait_FootSlut_desc
AddTrait_CumSlut,Gain CumSlut trait,AddTrait_CumSlut
AddTrait_CumSlut_desc,"Chance to gain cumslut trait after 10 sex acts, when doing Fellatio\n YOU CHEATER",AddTrait_CumSlut_desc
AddTrait_ButtSlut,Gain ButtSlut trait,AddTrait_ButtSlut
AddTrait_ButtSlut_desc,"Chance to gain buttslut trait after 10 sex acts, when getting Anal\n YOU CHEATER",AddTrait_ButtSlut_desc
Allow_RMB_DeepTalk,RMB DeepTalk,Allow_RMB_DeepTalk
Allow_RMB_DeepTalk_desc,Allows RMB-Social-DeepTalk interaction (+12 relations)\n YOU CHEATER,Allow_RMB_DeepTalk_desc
Disable_bestiality_pregnancy_relations,Disable bestiality pregnancy relations,Disable_bestiality_pregnancy_relations
Disable_bestiality_pregnancy_relations_desc,Disable relations(mother/father/siblings) from bestiality pregnancy.\n YOU CHEATER,Disable_bestiality_pregnancy_relations_desc
Disable_egg_pregnancy_relations,Disable egg pregnancy relations,Disable_egg_pregnancy_relations
Disable_egg_pregnancy_relations_desc,Disable relations(mother/father/siblings) from egg pregnancy.\n YOU CHEATER,Disable_egg_pregnancy_relations_desc
Disable_MeditationFocusDrain,Disable meditation focus drain,Disable_MeditationFocusDrain
Disable_MeditationFocusDrain_desc,"When pawns are frustrated, they don&apos;t lose focus.\n YOU CHEATER",Disable_MeditationFocusDrain_desc
Disable_RecreationDrain,Disable recreation drain,Disable_RecreationDrain
Disable_RecreationDrain_desc,"When pawns have boring/bad sex due to traits/quirks, they don&apos;t lose recreation need.\n YOU CHEATER",Disable_RecreationDrain_desc
ForbidKidnap,Forbid kidnap,ForbidKidnap
ForbidKidnap_desc,No kidnaping.,ForbidKidnap_desc
legacy_PartsAdder,Legacy parts adder,legacy_PartsAdder
legacy_PartsAdder_desc,"Built-in parts distributor, it tries to guess what parts Vanilla and HAR races get based on their name, maybe still usefull if you dont have racesupport patches",legacy_PartsAdder_desc
override_lovin,Override vanilla lovin,override_lovin
override_lovin_desc,Use casual sex instead of vanilla lovin,override_lovin_desc
override_matin,Override vanilla matin,override_matin
override_matin_desc,Use breeding instead of vanilla matin,override_matin_desc
matin_crossbreed,Matin crossbreed,matin_crossbreed
matin_crossbreed_desc,"Animals with same animalType(Vanilla: Canines, Dryads) will be considered same species and can mate each other.",matin_crossbreed_desc
WildMode_name,Wild mode,WildMode_name
WildMode_desc,EXPERIMENTAL - DO NOT REPORT BUGS IF THIS IS ENABLED. \n\nNo rules for sex. Most limiting requirements are turned off. Enjoy the wildest side of Rimworld.,WildMode_desc
HippieMode_name,Hippie mode,HippieMode_name
HippieMode_desc,EXPERIMENTAL - DO NOT REPORT BUGS IF THIS IS ENABLED. \n\nIgnore Relationships for casual hookups.,HippieMode_desc
GenderlessAsFuta_name,GenderlessAsFuta,GenderlessAsFuta_name
GenderlessAsFuta_desc,USEATYOUROWNRISK. \n\nGenderless Pawns will be set as Female and have both sets of genitals.,GenderlessAsFuta_desc
DevMode_name,Development mode,DevMode_name
DevMode_desc,Enables RimJobWorld logging and stuff. You don&apos;t usually want this enabled.,DevMode_desc
DebugLogJoinInBed,Debug log hookup search info,DebugLogJoinInBed
DebugLogJoinInBed_desc,Enables some very spamming debug logs to help find bugs in JoinInBed operations. \nOnly devs (or someone helping them find a bug) should enable this.,DebugLogJoinInBed_desc
DebugRape,Debug log rape info,DebugRape
DebugRape_desc,Enables some very spamming debug logs to help find bugs in rape operations.\nOnly devs (or someone helping them find a bug) should enable this.,DebugRape_desc
DebugInteraction,Debug log interaction info,DebugInteraction
DebugInteraction_desc,Verbose mode for the interaction module.,DebugInteraction_desc
DebugNymph,Debug log nymph info,DebugNymph
DebugNymph_desc,Verbose mode for the nymph module.,DebugNymph_desc
RJWSettingsTwo,RimJobWorld - Pregnancy Settings,RJWSettingsTwo
UseVanillaPregnancy,Biotech DLC pregnancy,UseVanillaPregnancy
UseVanillaPregnancy_desc,Use Biotech DLC pregnancy for pregnancies involving a human female.,UseVanillaPregnancy_desc
RJWH_pregnancy,Enable humanlike pregnancies,RJWH_pregnancy
RJWH_pregnancy_desc,"Enable pregnancy for human-on-human sex. If the Biotech DLC is not installed, RJW will use its own pregnancy system.",RJWH_pregnancy_desc
PregnantCoeffecientForHuman,Human Pregnancy chances (%),PregnantCoeffecientForHuman
PregnantCoeffecientForHuman_desc,Human pregnancy chances in percent.\n\nValid range: 0 - 100%,PregnantCoeffecientForHuman_desc
RJWB_pregnancy,Enable bestiality pregnancies,RJWB_pregnancy
RJWB_pregnancy_desc,Use RJW pregnancy for human-animal pregnancies.,RJWB_pregnancy_desc
PregnantCoeffecientForAnimals,Animal pregnancy chances (%),PregnantCoeffecientForAnimals
PregnantCoeffecientForAnimals_desc,Animal pregnancy chances in percent.\n\nValid range: 0 - 100%,PregnantCoeffecientForAnimals_desc
InterspeciesImpregnantionModifier,Interspecies impregnation modifier (%),InterspeciesImpregnantionModifier
InterspeciesImpregnantionModifier_desc,"Interspecies impregnation modifier in percent. At 20% this cuts the normal chance to fifth of same-species, and so on.\n\nValid range: 0 - 100%",InterspeciesImpregnantionModifier_desc
UseParentMethod_desc,ON:Babies have random parent dna.\nOFF:Babies are like mothers.,UseParentMethod_desc
OffspringLookLikeTheirMother,Humanlike DNA inheritance,OffspringLookLikeTheirMother
OffspringLookLikeTheirMother_desc,Governs humanlike pregnancies. \n100% means born babies will be of mothers race. \nAt 0% means born babies will be of father race.\n\nValid range: 0 - 100%,OffspringLookLikeTheirMother_desc
OffspringIsHuman,Bestiality DNA inheritance (Mother/Father),OffspringIsHuman
OffspringIsHuman_desc,Governs Humanlike-Animal and Animal-Animal pregnancies.\n100% means born babies will be of &quot;mother&quot; race. \nAt 0% means born babies will be of &quot;father&quot; race.\n\nValid range: 0 - 100%,OffspringIsHuman_desc
OffspringIsHuman2,Bestiality DNA inheritance (Human/Beast),OffspringIsHuman2
OffspringIsHuman2_desc,Governs Humanlike-Animal pregnancies.\n\n left - born babies will be of beast race. \n\n right - born babies will be of humanlike race. \n\n anything else - use the Mother/Father logic,OffspringIsHuman2_desc
RJWA_pregnancy,Enable animal pregnancies,RJWA_pregnancy
RJWA_pregnancy_desc,Use RJW pregnancy for animal-animal pregnancies.,RJWA_pregnancy_desc
RJWA_pregnancy_notifications,Enable notifications for animal pregnancies,RJWA_pregnancy_notifications
RJWA_pregnancy_notifications_desc,"Notifications will be sent for animal getting pregnant, contractions starting and healthy birth.\n\nThis can be noisy for colonies with a lot of ranching, where it is recommended to disable this setting. \n\nCritical notifications will be sent regardless of this setting",RJWA_pregnancy_notifications_desc
RJWI_pregnancy,Enable egg pregnancies,RJWI_pregnancy
RJWI_pregnancy_desc,Use RJW pregnancy for ovipositor egg pregnancies.,RJWI_pregnancy_desc
egg_pregnancy_implant_anyone,Egg implanting filter,egg_pregnancy_implant_anyone
egg_pregnancy_implant_anyone_desc,ON:Anyone with female ovipositor can implant eggs.\nOFF:Only predefined parent type can implant eggs.,egg_pregnancy_implant_anyone_desc
egg_pregnancy_fertilize_anyone,Egg fertilizing filter,egg_pregnancy_fertilize_anyone
egg_pregnancy_fertilize_anyone_desc,ON:Anyone with male ovipositor can fertilize eggs.\nOFF:Only predefined parent type or same as implanter can fertilize eggs.,egg_pregnancy_fertilize_anyone_desc
egg_pregnancy_genes,Egg pregnancies carry genes,egg_pregnancy_genes
egg_pregnancy_genes_desc,Allows for human-human-ovipositor eggs to use normal gene inheritance.,egg_pregnancy_genes_desc
RJWI_analPregnancy,Enable anal egg pregnancies,RJWI_analPregnancy
RJWI_analPregnancy_desc,Allow insects to impregnate pawns anally.,RJWI_analPregnancy_desc
RJWI_oralPregnancy,Enable oral egg pregnancies,RJWI_oralPregnancy
RJWI_oralPregnancy_desc,Allow insects to impregnate pawns orally.,RJWI_oralPregnancy_desc
RJWI_FertilizationCheck,Egg orifice fertilizing filter,RJWI_FertilizationCheck
RJWI_FertilizationCheck_desc,Fertilize eggs only in &quot;sexed&quot; orifice.,RJWI_FertilizationCheck_desc
egg_pregnancy_eggs_size,Egg size modifier,egg_pregnancy_eggs_size
egg_pregnancy_eggs_size_desc,0 - can be implanted with unlimited eggs.,egg_pregnancy_eggs_size_desc
egg_pregnancy_ovipositor_capacity_factor,Ovipositor capacity factor,egg_pregnancy_ovipositor_capacity_factor
egg_pregnancy_ovipositor_capacity_factor_desc,multiplies the normal capacity of female ovipositors,egg_pregnancy_ovipositor_capacity_factor_desc
MechanoidImplanting,Enable mechanoid implants,MechanoidImplanting
MechanoidImplanting_desc,Allow probing and implanting by mechanoids.,MechanoidImplanting_desc
SaferMechanoidImplanting,Safer mechanoid implants(&apos;),SaferMechanoidImplanting
SaferMechanoidImplanting_desc,"Mechanoid implants will not kill pawns(&apos;if pregnancy was checked), instead apply 5 damage to each body part contained within the torso. Mechanoids will still be hostile",SaferMechanoidImplanting_desc
genetic_trait_filter,Filter inherited traits,genetic_trait_filter
genetic_trait_filter_desc,"If enabled, it will use the rjw/Defs/NonInheritedTraits.xml to filter out the traits that should not be passed to next generation. If disabled, everything is a fair game.",genetic_trait_filter_desc
max_num_momtraits_inherited,Max inherited traits from mother,max_num_momtraits_inherited
max_num_poptraits_inherited,Max inherited traits from father,max_num_poptraits_inherited
RJW_fertility_endAge_male,Male infertility age,RJW_fertility_endAge_male
RJW_fertility_endAge_male_desc,Adjusted by lifespan for alien races. Same scale is used for animals and humanlikes.,RJW_fertility_endAge_male_desc
RJW_fertility_endAge_female_humanlike,Female infertility age (humanlikes),RJW_fertility_endAge_female_humanlike
RJW_fertility_endAge_female_humanlike_desc,"Unlike most animals, human females become infertile at early age. Same ratio is used for all alien races, for balance.",RJW_fertility_endAge_female_humanlike_desc
RJW_fertility_endAge_female_animal,Female infertility age (animals),RJW_fertility_endAge_female_animal
RJW_fertility_endAge_female_animal_desc,"Unlike humans, most female animals remain fertile until death.",RJW_fertility_endAge_female_animal_desc
In_human_years,in human years,In_human_years
XofLifeExpectancy,% of life expectancy,XofLifeExpectancy
InterspeciesDisabled,Interspecies disabled.,InterspeciesDisabled
InterspeciesMaximum,Equal to same-species.,InterspeciesMaximum
AlwaysMother,Always mother&apos;s species.,AlwaysMother
AlwaysFather,Always father&apos;s species.,AlwaysFather
AlwaysBeast,Beast species.,AlwaysBeast
AlwaysHumanlike,Humanlike species.,AlwaysHumanlike
UsesOffspringIsHuman,Use Mother/Father,UsesOffspringIsHuman
ComplexImpregnation,Enable complex interspecies impregnation calculation,ComplexImpregnation
ComplexImpregnation_desc,"When enabled, the impregnation chance between species depends on the difference in the body structure and size.
Examples:
  Human/Winged humanoid : ~95%
  Human/Harpy : ~75%
  Human/Dog : ~30%
  Human/Chicken : ~5%
  Wolf/Dog : ~95%
  Wolf/Chicken : ~5%
  Rooster/Harpy : ~30%

Note that the chance is further lowered by the base animal and human pregnancy sliders.",ComplexImpregnation_desc
phantasy_pregnancy,Phantasy pregnancy,phantasy_pregnancy
phantasy_pregnancy_desc,World is filled with wicked nanomachines that accelerate children growth until they reach reproductive lifestage.\n\nHas no effect on non humans and non reproductive races.\n\nLikely doesn&apos;t work with other pregnancy mods.,phantasy_pregnancy_desc
normal_pregnancy_duration,Pregnancy duration modifier.,normal_pregnancy_duration
normal_pregnancy_duration_desc,Bigger -&gt; Longer,normal_pregnancy_duration_desc
egg_pregnancy_duration,Egg pregnancy duration modifier.,egg_pregnancy_duration
egg_pregnancy_duration_desc,Bigger -&gt; Longer.,egg_pregnancy_duration_desc
RJWSettingsThree,RimJobWorld - Sex Settings,RJWSettingsThree
SexTypeFrequency,Sex type frequency:\n[Higher = more common],SexTypeFrequency
vaginal,Vaginal penetration frequency,vaginal
vaginal_desc,"Frequency of vaginal sex. Note that this frequency is further adjusted by factors such as available orifices, etc.\n\nValid range: 1 - 200\nDefault: 120",vaginal_desc
cunnilingus,Cunnilingus frequency,cunnilingus
cunnilingus_desc,"Frequency of oral stimulation of vagina. Note that this frequency is further adjusted by factors such as available orifices, rape, etc.\n\nValid range: 1 - 200\nDefault: 80",cunnilingus_desc
anal,Anal penetration frequency,anal
anal_desc,"Frequency of anal penetration (penile). Note that this frequency is further adjusted by factors such as available orifices, rape, etc.\n\nValid range: 1 - 200\nDefault: 80",anal_desc
rimming,Rimming frequency,rimming
rimming_desc,"Frequency of oral stimulation of anus. Note that this frequency is further adjusted by factors such as available orifices, etc.\n\nValid range: 1 - 200\nDefault: 40",rimming_desc
fellatio,Fellatio frequency,fellatio
fellatio_desc,"Frequency of fellatio, also known as blowjob. Note that this frequency is further adjusted by factors such as available orifices, etc.\n\nValid range: 1 - 200\nDefault: 80",fellatio_desc
handjob,Handjob frequency,handjob
handjob_desc,"Frequency of handjobs. Requires working hands. Note that this frequency is further adjusted by factors such as whoring, etc.\n\nValid range: 1 - 200\nDefault: 80",handjob_desc
mutual_masturbation,Mutual masturbation frequency,mutual_masturbation
mutual_masturbation_desc,"Frequency of mutual masturbation (two colonists masturbating each other). Note that this frequency is further adjusted by factors such as rape, etc.\n\nValid range: 1 - 200\nDefault: 70",mutual_masturbation_desc
double_penetration,Double-penetration frequency,double_penetration
double_penetration_desc,"Frequency of double-penetration, simultaneous anal and vaginal. Requires a multi-penis, such as a hemipenis. Note that this frequency is further adjusted by factors such as available orifices, etc.\n\nValid range: 1 - 200\nDefault:60",double_penetration_desc
breastjob,Breastjob frequency,breastjob
breastjob_desc,"Frequency of breastjobs. Requires one pawn to have breasts, and the other to have a penis. Note that this frequency is further adjusted by factors such as whoring, rape, etc.\n\nValid range: 1 - 200\nDefault: 50",breastjob_desc
fingering,Vaginal fingering frequency,fingering
fingering_desc,"Frequency of vaginal fingering. Requires one pawn to have a vagina, and the other to have a working hand. Note that this frequency is further adjusted by factors such as whoring, rape, etc.\n\nValid range: 1 - 200\nDefault: 50",fingering_desc
scissoring,Scissoring frequency,scissoring
scissoring_desc,Frequency of scissoring (type of tribadism where partners interlock their legs and grind their vulvae together). Requires both pawns to have vaginas.\n\nValid range: 1 - 200\nDefault: 50,scissoring_desc
footjob,Footjob frequency,footjob
footjob_desc,"Frequency of footjobs (stimulation of penis by foot). Note that this frequency is further adjusted by factors such as whoring, rape, etc.\n\nValid range: 1 - 200\nDefault: 30",footjob_desc
fisting,Anal fisting frequency,fisting
fisting_desc,"Frequency of anal fisting (vaginal not yet implemented). Requires one partner to have a working hand. Note that this frequency is further adjusted by factors such as whoring, rape, etc.\n\nValid range: 1 - 200\nDefault: 30",fisting_desc
sixtynine_desc,"Frequency of 69 (mutual oral). Requires both partners to have genitalia. Note that this frequency is further adjusted by factors such as whoring, rape, etc.\n\nValid range: 1 - 200\nDefault: 69",sixtynine_desc
FapEverywhere,Fapping everywhere,FapEverywhere
FapEverywhere_desc,Pawn will masturbate where it wants.,FapEverywhere_desc
FapInBed,Fapping in bed,FapInBed
FapInBed_desc,Pawn will masturbate in its bed.,FapInBed_desc
FapInBelts,Fapping with genitals blocked,FapInBelts
FapInBelts_desc,Pawn can masturbate while having their genitals blocked.,FapInBelts_desc
FapInArmbinders,Fapping with hands blocked,FapInArmbinders
FapInArmbinders_desc,Pawn can masturbate while having their hands blocked.,FapInArmbinders_desc
Malesex,Allowed male sex:,Malesex
FeMalesex,Allowed female sex:,FeMalesex
AllowedSex.Nohomo,Straight,AllowedSex.Nohomo
SexClothing,Preferred clothing for sex:,SexClothing
SexClothingNude,Nude,SexClothingNude
SexClothingHeadwear,Headwear only,SexClothingHeadwear
SexClothingFull,Fully clothed,SexClothingFull
RapeAttemptAlert,Rape attempt alert:,RapeAttemptAlert
RapeAttemptAlertAlways,Always enabled,RapeAttemptAlertAlways
RapeAttemptAlertHumanlike,Only if target is humanlike,RapeAttemptAlertHumanlike
RapeAttemptAlertColonist,Only if target is colonist,RapeAttemptAlertColonist
RapeAttemptAlertSilent,Only show notification,RapeAttemptAlertSilent
RapeAttemptAlertDisabled,Disabled,RapeAttemptAlertDisabled
RapeAlert,Rape alert:,RapeAlert
RapeAlertAlways,Always enabled,RapeAlertAlways
RapeAlertHumanlike,Only if target is humanlike,RapeAlertHumanlike
RapeAlertColonist,Only if target is colonist,RapeAlertColonist
RapeAlertSilent,Only show notification,RapeAlertSilent
RapeAlertDisabled,Disabled,RapeAlertDisabled
RapeAlertCP,Show for CP,RapeAlertCP
RapeAlertCP_desc,Show alert when pawn designated for comforting is getting raped.,RapeAlertCP_desc
RapeAlertBreeding,Show for Breeding,RapeAlertBreeding
RapeAlertBreeding_desc,Show alert when pawn designated for breeding is getting raped.,RapeAlertBreeding_desc
SexualitySpread1,Sexuality spread source:,SexualitySpread1
SexualitySpread2,Sexuality generation spread for RJW.\nTHIS IS FOR SEX ONLY\nHAS NO EFFECT ON RELATIONSHIP,SexualitySpread2
SexualityAsexual,Asexual:,SexualityAsexual
SexualityPansexual,Pansexual:,SexualityPansexual
SexualityHeterosexual,Heterosexual:,SexualityHeterosexual
SexualityBisexual,Bisexual:,SexualityBisexual
SexualityAsexual_desc,"Low or non-existent sex drive, generally not interested in sex.",SexualityAsexual_desc
SexualityPansexual_desc,Pansexuals disregard gender entirely.,SexualityPansexual_desc
SexualityHeterosexual_desc,Heterosexuals are attracted to &apos;opposite&apos; sex.,SexualityHeterosexual_desc
SexualityBisexual_desc,Bisexuals are attracted to both males and females.,SexualityBisexual_desc
SexualityGay_desc,Homosexuals are attracted to same sex.,SexualityGay_desc
MaxQuirks,Max quirks,MaxQuirks
MaxQuirks_desc,Max quirks pawn can get when created.,MaxQuirks_desc
SendTraitGainLetters,Sex trait notifications,SendTraitGainLetters
SendTraitGainLetters_desc,Enable to receive letters when a pawn gains a trait from sex. Unimportant pawns such as traders will never trigger notifications regardless of this setting.,SendTraitGainLetters_desc
RJW_SexGizmo_Orgasm,Orgasm,RJW_SexGizmo_Orgasm
RJW_SexGizmo_RestNeed,Stamina,RJW_SexGizmo_RestNeed
RJW_SexGizmo_SexNeed,Satisfaction,RJW_SexGizmo_SexNeed
RJW_SexGizmo_SexOverdriveTooltip,SexOverdrive - sex wont end until pawn collapses or interrupted otherwise.,RJW_SexGizmo_SexOverdriveTooltip
RJW_SexGizmo_HitPawn,Hit once.,RJW_SexGizmo_HitPawn
RJW_SexGizmo_Cocoon,Wrap pawn into cocoon.,RJW_SexGizmo_Cocoon
RJW_SexGizmo_Egg,Stuff with eggs.,RJW_SexGizmo_Egg
SexcardTooltip,Show sexuality,SexcardTooltip
Quirks,Quirks:,Quirks
NoQuirks,"No Quirks, vanilla.",NoQuirks
MessyQuirk,{pawn} not only produces copious amounts of fluid during sex but {pawn_pronoun} rarely bothers to clean {pawn_possessive}self afterwards.,MessyQuirk
PodophileQuirk,{pawn} really likes feet and prefers foot-related sex acts.,PodophileQuirk
CumslutQuirk,{pawn} really likes cum and prefers fellatio sex acts.,CumslutQuirk
ButtslutQuirk,{pawn} really likes getting fucked in the butt and prefers anal sex acts.,ButtslutQuirk
TeratophileQuirk,{pawn} prefers ugly partners. {pawn_pronoun} would also prefer larger and wilder animals if {pawn_pronoun} were into that sort of thing...,TeratophileQuirk
EndytophileQuirk,{pawn} prefers to keep {pawn_possessive} clothes on during sex.,EndytophileQuirk
ExhibitionistQuirk,{pawn} enjoys having sex where others can see.,ExhibitionistQuirk
GerontophileQuirk,{pawn} prefers older partners (55+ on a human scale).,GerontophileQuirk
SomnophileQuirk,{pawn} prefers {pawn_possessive} partners to be asleep,SomnophileQuirk
SapiosexualQuirk,{pawn} prefers smart partners.,SapiosexualQuirk
FertileQuirk,{pawn} has unusually high fertility and so is more likely to have children.,FertileQuirk
InfertileQuirk,{pawn} has unusually low fertility and so is unlikely to have children.,InfertileQuirk
ImpregnationFetishQuirk,{pawn} really likes the idea of someone becoming pregnant. {pawn_pronoun} prefers partners and sex positions where there is a possibility of pregnancy. {pawn_pronoun} doesn&apos;t care if {pawn_pronoun} is getting pregnant or {pawn_possessive} partner is as long as babby is formed.,ImpregnationFetishQuirk
PregnancyFetishQuirk,{pawn} prefers partners who are visibly pregnant.,PregnancyFetishQuirk
IncubatorQuirk,{pawn} has birthed so many eggs that {pawn_possessive} body has adapted to handling them. {pawn_possessive} egg incubation speed has increased.,IncubatorQuirk
BreederQuirk,{pawn} has given birth so many times that {pawn_possessive} body has adapted to breeding. {pawn_possessive} pregnancies are shorter and produce more offspring.,BreederQuirk
VigorousQuirk,{pawn} is invigorated by sex. {pawn_pronoun} does not get tired as much during sex.,VigorousQuirk
ChitinLoverQuirk,{pawn} enjoys the smooth strength of a chitinous exoskeleton. {pawn_pronoun} prefers arachnoid or insectoid partners.,ChitinLoverQuirk
DemonLoverQuirk,"{pawn} is after the naughty ones. {pawn_pronoun} prefers {pawn_possessive} partners to come from the literal depths of hell, or at least look the part.",DemonLoverQuirk
FeatherLoverQuirk,"{pawn} loves that downy fluff. {pawn_pronoun} prefers avian or dinosaur partners. Because dinosaurs are birds and have feathers, as {pawn_pronoun} will explain at great length if given a chance.",FeatherLoverQuirk
FurLoverQuirk,"{pawn} prefers a partner with a thick, luxurious, snuggly-soft coat of fur.",FurLoverQuirk
PlantLoverQuirk,{pawn} likes watering plants. If you know what I mean.,PlantLoverQuirk
RobotLoverQuirk,"Which is better, 2D or 3D? {pawn} knows that 3D-printed gives you the best of both worlds.",RobotLoverQuirk
ScaleLoverQuirk,Who wouldn&apos;t want to fuck a dragon? Definitely not {pawn}. {pawn} wants to fuck a dragon.,ScaleLoverQuirk
SkinLoverQuirk,{pawn} prefers {pawn_possessive} partners to have smooth sensitive skin without fur or scales getting in the way. Lucky for {pawn_objective} humans are all over the place.,SkinLoverQuirk
SlimeLoverQuirk,"Because of their slippery and malleable nature slimes are very, very good at sex. As you will hear over and over if you listen to {pawn} talk for any length of time.",SlimeLoverQuirk
SexPartWants,Wants to be:,SexPartWants
PartsEditLabel,Edit {0},PartsEditLabel
PartsEditFluidMultiplierLabel,Fluid Multiplier,PartsEditFluidMultiplierLabel
PartsEditDevEntry,RJW: Edit parts,PartsEditDevEntry
